{"stats":{"minecraft:mined":{"minecraft:birch_log":7,"minecraft:grass_block":1,"minecraft:dirt":5,"minecraft:stone":14,"minecraft:oak_leaves":1},"minecraft:custom":{"minecraft:time_since_rest":5800,"minecraft:sprint_one_cm":18823,"minecraft:damage_taken":130,"minecraft:walk_one_cm":10542,"minecraft:mob_kills":2,"minecraft:damage_dealt":188,"minecraft:interact_with_crafting_table":2,"minecraft:fly_one_cm":29905,"minecraft:player_kills":1,"minecraft:crouch_one_cm":1100,"minecraft:play_one_minute":5800,"minecraft:sneak_time":367,"minecraft:jump":187,"minecraft:time_since_death":5800,"minecraft:walk_on_water_one_cm":216,"minecraft:climb_one_cm":374,"minecraft:fall_one_cm":7205},"minecraft:used":{"minecraft:wooden_axe":4,"minecraft:oak_planks":1,"minecraft:wooden_pickaxe":14,"minecraft:stone_axe":1,"minecraft:dirt":6,"minecraft:mutton":3,"minecraft:crafting_table":2,"minecraft:oak_sapling":1,"minecraft:birch_log":2},"minecraft:killed":{"minecraft:sheep":2},"minecraft:crafted":{"minecraft:crafting_table":2,"minecraft:stick":12,"minecraft:wooden_pickaxe":1,"minecraft:stone_pickaxe":1,"minecraft:wooden_axe":1,"minecraft:furnace":1,"minecraft:birch_planks":20,"minecraft:stone_axe":1},"minecraft:picked_up":{"minecraft:birch_log":7,"minecraft:stick":2,"minecraft:dirt":6,"minecraft:arrow":2,"minecraft:oak_sapling":1,"minecraft:mutton":3,"minecraft:oak_planks":27,"minecraft:white_wool":2,"minecraft:cobblestone":14}},"DataVersion":2586}