{"stats":{"minecraft:custom":{"minecraft:jump":37,"minecraft:open_chest":1,"minecraft:time_since_rest":1486,"minecraft:leave_game":1,"minecraft:walk_on_water_one_cm":259,"minecraft:sprint_one_cm":4901,"minecraft:play_time":1486,"minecraft:damage_taken":10,"minecraft:time_since_death":1486,"minecraft:walk_one_cm":614,"minecraft:sneak_time":14,"minecraft:total_world_time":1486,"minecraft:walk_under_water_one_cm":118,"minecraft:swim_one_cm":2300,"minecraft:fall_one_cm":1558,"minecraft:fly_one_cm":7410}},"DataVersion":3839}