{"stats":{"minecraft:mined":{"minecraft:oak_log":2,"minecraft:dirt":5,"minecraft:birch_log":5,"minecraft:stone":22,"minecraft:crafting_table":1},"minecraft:custom":{"minecraft:time_since_rest":2345,"minecraft:play_one_minute":2345,"minecraft:sprint_one_cm":84,"minecraft:walk_one_cm":1654,"minecraft:time_since_death":2345,"minecraft:interact_with_crafting_table":1},"minecraft:used":{"minecraft:wooden_axe":7,"minecraft:crafting_table":1,"minecraft:wooden_pickaxe":23},"minecraft:crafted":{"minecraft:oak_planks":8,"minecraft:birch_planks":8,"minecraft:crafting_table":1,"minecraft:stick":4,"minecraft:wooden_pickaxe":1},"minecraft:picked_up":{"minecraft:wooden_axe":1,"minecraft:birch_log":5,"minecraft:crafting_table":1,"minecraft:oak_log":2,"minecraft:dirt":5,"minecraft:cobblestone":22}},"DataVersion":2586}