{"stats":{"minecraft:picked_up":{"minecraft:stick":5,"minecraft:crafting_table":2,"minecraft:feather":2,"minecraft:chicken":3,"minecraft:golden_leggings":1,"minecraft:torch":1,"minecraft:fire_charge":1,"minecraft:porkchop":6,"minecraft:oak_log":42,"minecraft:golden_boots":1,"minecraft:string":1,"minecraft:flint_and_steel":1,"minecraft:arrow":1,"minecraft:bone":2,"minecraft:slime_ball":1,"minecraft:rotten_flesh":1,"minecraft:beef":4,"minecraft:gold_ingot":1,"minecraft:iron_nugget":16,"minecraft:oak_sapling":2,"minecraft:mutton":12,"minecraft:chest":1,"minecraft:obsidian":4,"minecraft:coal":32,"minecraft:furnace":2,"minecraft:white_wool":7,"minecraft:cobblestone":44,"minecraft:egg":1},"minecraft:killed_by":{"minecraft:skeleton":1},"minecraft:crafted":{"minecraft:cooked_beef":2,"minecraft:oak_planks":20,"minecraft:crafting_table":1,"minecraft:stick":8,"minecraft:wooden_pickaxe":1,"minecraft:cooked_chicken":3,"minecraft:stone_pickaxe":1,"minecraft:furnace":1,"minecraft:torch":28,"minecraft:stone_axe":1,"minecraft:air":0},"minecraft:killed":{"minecraft:skeleton":1,"minecraft:sheep":7,"minecraft:zombie":1,"minecraft:pig":3,"minecraft:chicken":3,"minecraft:drowned":2,"minecraft:slime":1,"minecraft:cow":2},"minecraft:used":{"minecraft:stone_pickaxe":39,"minecraft:wooden_pickaxe":22,"minecraft:cooked_chicken":3,"minecraft:stone_axe":85,"minecraft:torch":1,"minecraft:crafting_table":2,"minecraft:furnace":2,"minecraft:cooked_beef":2},"minecraft:mined":{"minecraft:tall_seagrass":1,"minecraft:furnace":2,"minecraft:crafting_table":2,"minecraft:grass":6,"minecraft:oak_log":42,"minecraft:coal_ore":14,"minecraft:chest":1,"minecraft:stone":44,"minecraft:oak_leaves":6},"minecraft:custom":{"minecraft:time_since_rest":119,"minecraft:interact_with_furnace":5,"minecraft:sprint_one_cm":62834,"minecraft:damage_taken":560,"minecraft:walk_one_cm":33124,"minecraft:mob_kills":22,"minecraft:damage_dealt":2616,"minecraft:swim_one_cm":13242,"minecraft:interact_with_crafting_table":6,"minecraft:fly_one_cm":86941,"minecraft:deaths":1,"minecraft:play_one_minute":30187,"minecraft:crouch_one_cm":1274,"minecraft:sneak_time":1232,"minecraft:walk_under_water_one_cm":5987,"minecraft:jump":484,"minecraft:leave_game":3,"minecraft:time_since_death":81,"minecraft:walk_on_water_one_cm":9338,"minecraft:climb_one_cm":1704,"minecraft:fall_one_cm":13107}},"DataVersion":2586}