{"stats":{"minecraft:picked_up":{"minecraft:stick":5,"minecraft:crafting_table":2,"minecraft:feather":2,"minecraft:chicken":3,"minecraft:golden_leggings":1,"minecraft:fire_charge":1,"minecraft:porkchop":6,"minecraft:oak_log":42,"minecraft:golden_boots":1,"minecraft:flint_and_steel":1,"minecraft:bone":1,"minecraft:beef":2,"minecraft:iron_nugget":16,"minecraft:chest":1,"minecraft:oak_sapling":2,"minecraft:obsidian":4,"minecraft:mutton":1,"minecraft:coal":27,"minecraft:white_wool":1,"minecraft:furnace":1,"minecraft:cobblestone":44,"minecraft:egg":1},"minecraft:crafted":{"minecraft:cooked_beef":2,"minecraft:oak_planks":20,"minecraft:crafting_table":1,"minecraft:stick":8,"minecraft:wooden_pickaxe":1,"minecraft:stone_pickaxe":1,"minecraft:furnace":1,"minecraft:torch":28,"minecraft:stone_axe":1,"minecraft:air":0},"minecraft:killed":{"minecraft:sheep":1,"minecraft:pig":3,"minecraft:chicken":3,"minecraft:cow":1},"minecraft:used":{"minecraft:stone_pickaxe":37,"minecraft:wooden_pickaxe":22,"minecraft:stone_axe":54,"minecraft:crafting_table":2,"minecraft:furnace":1,"minecraft:cooked_beef":2},"minecraft:mined":{"minecraft:furnace":1,"minecraft:crafting_table":2,"minecraft:grass":4,"minecraft:coal_ore":14,"minecraft:oak_log":42,"minecraft:chest":1,"minecraft:stone":44,"minecraft:oak_leaves":6},"minecraft:custom":{"minecraft:time_since_rest":23400,"minecraft:interact_with_furnace":2,"minecraft:sprint_one_cm":29894,"minecraft:damage_taken":160,"minecraft:walk_one_cm":21976,"minecraft:mob_kills":8,"minecraft:damage_dealt":675,"minecraft:interact_with_crafting_table":6,"minecraft:fly_one_cm":32933,"minecraft:crouch_one_cm":1259,"minecraft:play_one_minute":23400,"minecraft:sneak_time":1123,"minecraft:walk_under_water_one_cm":1917,"minecraft:jump":241,"minecraft:leave_game":2,"minecraft:walk_on_water_one_cm":2276,"minecraft:time_since_death":23400,"minecraft:climb_one_cm":216,"minecraft:fall_one_cm":8660}},"DataVersion":2586}