{"stats":{"minecraft:mined":{"minecraft:short_grass":4,"minecraft:oak_leaves":1},"minecraft:used":{"minecraft:deepslate_brick_wall":73,"minecraft:amethyst_cluster":18,"minecraft:dark_oak_stairs":129,"minecraft:wooden_axe":2,"minecraft:iron_bars":95,"minecraft:spruce_wood":7,"minecraft:grass_block":83,"minecraft:spruce_slab":3,"minecraft:blackstone_stairs":48,"minecraft:mangrove_planks":40,"minecraft:dark_oak_slab":104,"minecraft:mangrove_fence":66,"minecraft:spruce_fence_gate":5,"minecraft:barrel":20,"minecraft:deepslate_bricks":356,"minecraft:soul_lantern":2,"minecraft:stripped_warped_hyphae":10,"minecraft:stripped_mangrove_log":7,"minecraft:chiseled_stone_bricks":52,"minecraft:stripped_mangrove_wood":38,"minecraft:sand":10,"minecraft:spruce_stairs":2,"minecraft:acacia_leaves":10,"minecraft:stripped_cherry_log":34,"minecraft:spruce_fence":61},"minecraft:custom":{"minecraft:time_since_rest":91090,"minecraft:sprint_one_cm":64364,"minecraft:damage_taken":655,"minecraft:walk_one_cm":114445,"minecraft:mob_kills":2,"minecraft:drop":2,"minecraft:damage_dealt":359,"minecraft:fly_one_cm":388011,"minecraft:open_barrel":2,"minecraft:crouch_one_cm":4535,"minecraft:play_time":110763,"minecraft:deaths":2,"minecraft:sneak_time":3755,"minecraft:walk_under_water_one_cm":2514,"minecraft:jump":544,"minecraft:leave_game":9,"minecraft:time_since_death":91045,"minecraft:walk_on_water_one_cm":3340,"minecraft:total_world_time":110763,"minecraft:fall_one_cm":5114},"minecraft:killed_by":{"minecraft:zombie":2},"minecraft:killed":{"minecraft:skeleton":2},"minecraft:picked_up":{"minecraft:amethyst_shard":4,"minecraft:grass_block":1,"minecraft:bone":2,"minecraft:arrow":2,"minecraft:bow":1},"minecraft:dropped":{"minecraft:large_amethyst_bud":1,"minecraft:grass_block":1}},"DataVersion":3839}