{"stats":{"minecraft:dropped":{"minecraft:wooden_axe":1},"minecraft:mined":{"minecraft:tall_seagrass":1,"minecraft:furnace":2,"minecraft:birch_leaves":1,"minecraft:crafting_table":3,"minecraft:grass":9,"minecraft:coal_ore":14,"minecraft:chest":1,"minecraft:oak_log":57,"minecraft:stone":44,"minecraft:oak_leaves":10},"minecraft:custom":{"minecraft:time_since_rest":4063,"minecraft:sprint_one_cm":91669,"minecraft:interact_with_furnace":5,"minecraft:damage_taken":1025,"minecraft:walk_one_cm":47406,"minecraft:mob_kills":23,"minecraft:drop":1,"minecraft:damage_dealt":2824,"minecraft:swim_one_cm":13242,"minecraft:interact_with_crafting_table":9,"minecraft:fly_one_cm":102429,"minecraft:play_one_minute":35892,"minecraft:crouch_one_cm":1274,"minecraft:sneak_time":1232,"minecraft:deaths":2,"minecraft:walk_under_water_one_cm":5987,"minecraft:jump":604,"minecraft:leave_game":3,"minecraft:time_since_death":4032,"minecraft:walk_on_water_one_cm":9990,"minecraft:climb_one_cm":1736,"minecraft:fall_one_cm":16476},"minecraft:used":{"minecraft:wooden_axe":13,"minecraft:stone_pickaxe":39,"minecraft:wooden_pickaxe":31,"minecraft:rotten_flesh":1,"minecraft:cooked_chicken":3,"minecraft:torch":1,"minecraft:stone_axe":85,"minecraft:crafting_table":3,"minecraft:furnace":2,"minecraft:cooked_beef":2},"minecraft:killed":{"minecraft:sheep":7,"minecraft:skeleton":1,"minecraft:zombie":2,"minecraft:pig":3,"minecraft:chicken":3,"minecraft:drowned":2,"minecraft:slime":1,"minecraft:cow":2},"minecraft:killed_by":{"minecraft:player":1,"minecraft:skeleton":1},"minecraft:crafted":{"minecraft:cooked_beef":2,"minecraft:oak_planks":80,"minecraft:crafting_table":2,"minecraft:stick":16,"minecraft:wooden_pickaxe":2,"minecraft:cooked_chicken":3,"minecraft:stone_pickaxe":1,"minecraft:wooden_axe":1,"minecraft:furnace":1,"minecraft:torch":28,"minecraft:stone_axe":1,"minecraft:air":0},"minecraft:picked_up":{"minecraft:crafting_table":3,"minecraft:stick":8,"minecraft:feather":2,"minecraft:chicken":3,"minecraft:golden_leggings":1,"minecraft:torch":1,"minecraft:fire_charge":1,"minecraft:porkchop":6,"minecraft:oak_log":57,"minecraft:golden_boots":1,"minecraft:string":1,"minecraft:flint_and_steel":1,"minecraft:bone":2,"minecraft:arrow":1,"minecraft:rotten_flesh":2,"minecraft:slime_ball":1,"minecraft:beef":4,"minecraft:gold_ingot":1,"minecraft:iron_nugget":16,"minecraft:oak_planks":3,"minecraft:oak_sapling":3,"minecraft:obsidian":4,"minecraft:chest":1,"minecraft:mutton":12,"minecraft:coal":32,"minecraft:furnace":2,"minecraft:white_wool":7,"minecraft:cobblestone":44,"minecraft:egg":1}},"DataVersion":2586}